Start_Date	End_Date	Event_Name	Event_Display	Event_ID	Event_Banner_URL	Management_ID
2017-04-22	2014-12-31	荒ぶる大森林の巨熊	ゴットバトル	2414825146	/html/html_info/ANZBATTLE/001_DAISHINRINBEAR/img/main_banner.jpg	2414825146
2014-12-31	2014-12-31	!チャレンジバトル!	ゴットバトル	3986500334	/html/html_info/ANZBATTLE/001_DAISHINRINBEAR/img/main_banner.jpg	3986500334
2017-11-22	2014-12-31	燃え盛る森	緊急討伐チャレンジ	2422950584	/html/html_info/challenge_battle/img/banner_event_bounty_003_small_00.png	2422950584
2017-11-22	2014-12-31	炎に染まる夜	緊急討伐チャレンジ	2165711041	/html/html_info/challenge_battle/img/banner_event_bounty_001_small_00.png	2165711041
2018-08-09	2018-08-31	深淵の洞窟パンサー	緊急討伐チャレンジ	955120425	/html/html_info/challenge_battle/img/banner_event_bounty_004_small_00.png	955120425
2018-08-06	2018-08-31	地底に咲く氷花	緊急討伐チャレンジ	2750215219	/html/html_info/challenge_battle/img/banner_event_bounty_002_small_00.png	2750215219
2014-12-31	2014-12-31	チャレンジクエスト 中森林ベア	緊急討伐チャレンジ	437727195	/html/html_info/challenge_battle/img/banner_event_bounty_002_small_00.png	437727195
2014-12-31	2014-12-31	チャレンジクエスト プリンスバハ・ハ	緊急討伐チャレンジ	191514018	/html/html_info/challenge_battle/img/banner_event_bounty_002_small_00.png	191514018
2014-12-31	2014-12-31	チャレンジクエスト ながれキバザル	緊急討伐チャレンジ	2995887690	/html/html_info/challenge_battle/img/banner_event_bounty_002_small_00.png	2995887690
2014-12-31	2014-12-31	チャレンジクエスト 大草原トーストス	緊急討伐チャレンジ	3860422103	/html/html_info/challenge_battle/img/banner_event_bounty_002_small_00.png	3860422103
2014-12-31	2014-12-31	チャレンジクエスト ガイアゴーレム	緊急討伐チャレンジ	1608681023	/html/html_info/challenge_battle/img/banner_event_bounty_002_small_00.png	1608681023
2018-12-18	2018-12-20	因縁の狂黒竜	緊急討伐チャレンジ	2281177281	/html/html_info/emergency_challenge/003_scarface/img/banner_event_bounty_010_small_00.png	2281177281
2018-11-30	2018-12-16	ボスラッシュ！　大地の守護者たち	緊急討伐チャレンジ	1040440105	/html/html_info/challenge_battle/img/banner_event_bounty_011_small_00.png	1040440105
2019-02-01	2019-03-15	暴風の支配者	緊急討伐チャレンジ	796832080	/html/html_info/challenge_battle/img/banner_event_bounty_chg06_small_00.png	796832080
2019-02-21	2019-03-15	暴風の支配者	緊急討伐チャレンジ	3061309674	/html/html_info/challenge_battle/img/banner_event_bounty_chg06_small_01.png	3061309674
2019-03-15	2019-03-31	怪傑赤ずきん現る！？	緊急討伐チャレンジ	2525326008	/html/html_info/challenge_battle/img/banner_event_bounty_chg07_small_00.png	2525326008
2019-03-21	2019-03-31	逆襲のニセずきん	緊急討伐チャレンジ	260848386	/html/html_info/challenge_battle/img/banner_event_bounty_chg07_small_01.png	260848386
2019-03-31	2019-04-16	狂気の黒地竜	緊急討伐チャレンジ	226780578	/html/html_info/challenge_battle/img/banner_event_bounty_chg08_small_00.png	226780578
2019-04-07	2019-04-16	狂気の黒地竜	緊急討伐チャレンジ	2492281880	/html/html_info/challenge_battle/img/banner_event_bounty_chg08_small_01.png	2492281880
2019-05-31	2019-06-17	虚言の道化霊	緊急討伐チャレンジ	3028270666	/html/html_info/challenge_battle/img/banner_event_bounty_chg09_small_00.png	3028270666
2019-06-08	2019-06-17	呪いの大鎌霊	緊急討伐チャレンジ	762769392	/html/html_info/challenge_battle/img/banner_event_bounty_chg09_small_01.png	762769392
1998-12-31	2000-05-31	虚言のレア道化霊	緊急討伐チャレンジ	1517412198	/html/html_info/challenge_battle/img/banner_event_bounty_chg09_small_00.png	1517412198
2019-04-15	2019-05-07	妖怪襲来！ 打倒日ノ神！	緊急討伐チャレンジ	2768426035	/html/html_info/challenge_battle/img/banner_event_bounty_colaboBtl01_small_00.png	2768426035
2019-04-21	2019-05-07	妖怪襲来！ 打倒日ノ神！	緊急討伐チャレンジ	1007388041	/html/html_info/challenge_battle/img/banner_event_bounty_colaboBtl01_small_01.png	1007388041
2019-04-30	2019-06-30	砂漠の蛇姉妹	緊急討伐チャレンジ	486084571	/html/html_info/challenge_battle/img/banner_event_bounty_chg10_small_00.png	486084571
2019-05-07	2019-06-30	砂漠の蛇姉妹	緊急討伐チャレンジ	2247122529	/html/html_info/challenge_battle/img/banner_event_bounty_chg10_small_01.png	2247122529
2019-06-14	2019-06-30	全力伐採！！風の霊樹！！(前半)	緊急討伐チャレンジ	1215417414	/html/html_info/challenge_battle/img/banner_event_bounty_chg11_small_00.png	1215417414
2019-06-23	2019-06-30	全力伐採！！風の霊樹！！(後半)	緊急討伐チャレンジ	3514342908	/html/html_info/challenge_battle/img/banner_event_bounty_chg11_small_01.png	3514342908
2019-07-16	2019-07-31	アニバーサリーボスパレード	緊急討伐チャレンジ	4052359086	/html/html_info/challenge_battle/img/banner_event_bounty_chg12_small_00.png	4052359086
2019-07-22	2019-07-31	アニバーサリーボスパレード	緊急討伐チャレンジ	1753433620	/html/html_info/challenge_battle/img/banner_event_bounty_chg12_small_01.png	1753433620
2019-07-31	2019-08-20	海岸の侵食者	緊急討伐チャレンジ	2922427443	/html/html_info/challenge_battle/img/banner_event_bounty_chg13_small_00.png	2922427443
2019-08-04	2019-08-20	海岸の侵食者	緊急討伐チャレンジ	926541193	/html/html_info/challenge_battle/img/banner_event_bounty_chg13_small_01.png	926541193
2019-08-14	2019-08-20	海岸の侵食者	緊急討伐チャレンジ	1077859615	/html/html_info/challenge_battle/img/banner_event_bounty_chg13_small_02.png	1077859615
2019-08-31	2019-09-30	森林の激震熊	緊急討伐チャレンジ	399208411	/html/html_info/challenge_battle/img/banner_event_bounty_chg15_small_00.png	399208411
2019-09-05	2019-09-30	森林の激震熊	緊急討伐チャレンジ	2395094625	/html/html_info/challenge_battle/img/banner_event_bounty_chg15_small_01.png	2395094625
2019-09-13	2019-09-30	森林の激震熊	緊急討伐チャレンジ	4190441207	/html/html_info/challenge_battle/img/banner_event_bounty_chg15_small_02.png	4190441207
2019-09-30	2019-10-31	ドタバタ！ハロウィン大作戦！	緊急討伐チャレンジ	112592290	/html/html_info/challenge_battle/img/banner_event_bounty_chg16_small_00.png	112592290
2019-10-08	2019-10-31	ドタバタ！ハロウィン大作戦！	緊急討伐チャレンジ	2680116248	/html/html_info/challenge_battle/img/banner_event_bounty_chg16_small_01.png	2680116248
2019-10-21	2019-10-31	ドタバタ！ハロウィン大作戦！	緊急討伐チャレンジ	3904398478	/html/html_info/challenge_battle/img/banner_event_bounty_chg16_small_02.png	3904398478
2019-10-25	2019-10-31	ドタバタ！ハロウィン大作戦！	緊急討伐チャレンジ	1994191149	/html/html_info/challenge_battle/img/banner_event_bounty_chg16_small_03.png	1994191149
2019-10-31	2019-11-15	水豹の急襲！鞭氷王の逆襲！	緊急討伐チャレンジ	3209551434	/html/html_info/challenge_battle/img/banner_event_bounty_chg20_small_00.png	3209551434
2019-11-08	2019-11-15	水豹の急襲！鞭氷王の逆襲！	緊急討伐チャレンジ	642027504	/html/html_info/challenge_battle/img/banner_event_bounty_chg20_small_01.png	642027504
2019-11-30	2019-12-31	激戦！合成獣との攻防！	緊急討伐チャレンジ	2646018744	/html/html_info/challenge_battle/img/banner_event_bounty_chg18_small_00.png	2646018744
2019-12-09	2019-12-31	激戦！合成獣との攻防！	緊急討伐チャレンジ	79584002	/html/html_info/challenge_battle/img/banner_event_bounty_chg18_small_01.png	79584002
2019-12-31	2020-01-15	力の神と知恵の神	緊急討伐チャレンジ	2362073281	/html/html_info/challenge_battle/img/banner_event_bounty_chg19_small_00.png	2362073281
2020-01-08	2020-01-15	力の神と知恵の神	緊急討伐チャレンジ	365113723	/html/html_info/challenge_battle/img/banner_event_bounty_chg19_small_01.png	365113723
2020-01-31	2020-02-20	激戦！水迸る青の猛牛	緊急討伐チャレンジ	892451625	/html/html_info/challenge_battle/img/banner_event_bounty_chg23_small_00.png	892451625
2020-02-10	2020-02-20	激戦！水迸る青の猛牛	緊急討伐チャレンジ	2889411219	/html/html_info/challenge_battle/img/banner_event_bounty_chg23_small_01.png	2889411219
2020-02-29	2020-03-20	蘇る！いにしえの魔物たち	緊急討伐チャレンジ	1639545012	/html/html_info/challenge_battle/img/banner_event_bounty_chg24_small_00.png	1639545012
2020-03-10	2020-03-20	蘇る！いにしえの魔物たち	緊急討伐チャレンジ	4172294414	/html/html_info/challenge_battle/img/banner_event_bounty_chg24_small_01.png	4172294414
2020-03-31	2020-04-20	黄金に輝く古の巨竜	緊急討伐チャレンジ	3628245852	/html/html_info/challenge_battle/img/banner_event_bounty_chg22_small_00.png	3628245852
2020-04-10	2020-04-20	黄金に輝く古の巨竜	緊急討伐チャレンジ	1095496422	/html/html_info/challenge_battle/img/banner_event_bounty_chg22_small_01.png	1095496422
2020-04-13	2020-04-20	黄金に輝く古の巨竜	緊急討伐チャレンジ	911000176	/html/html_info/challenge_battle/img/banner_event_bounty_chg22_small_02.png	911000176
2020-05-22	2020-06-20	魔界迷宮	挑戦型コンテンツ（仮称）	1208063558	/html/html_info/challenge_battle/img/banner_event_bounty_chg22_small_02.png	1208063558
2020-05-31	2020-06-15	深緑の闇に潜む樹鰐	緊急討伐チャレンジ	793948727	/html/html_info/challenge_battle/img/banner_event_bounty_CHG26_small_00.png	793948727
2020-06-08	2020-06-15	深緑の闇に潜む樹鰐	緊急討伐チャレンジ	3059475341	/html/html_info/challenge_battle/img/banner_event_bounty_CHG26_small_01.png	3059475341
2020-06-11	2020-06-15	深緑の闇に潜む樹鰐	緊急討伐チャレンジ	3244086043	/html/html_info/challenge_battle/img/banner_event_bounty_CHG26_small_02.png	3244086043
2020-06-30	2020-07-15	森を破壊するモノ	緊急討伐チャレンジ	2527685087	/html/html_info/challenge_battle/img/banner_event_bounty_CHG27_small_00.png	2527685087
2020-07-08	2020-07-15	森を破壊するモノ	緊急討伐チャレンジ	262158437	/html/html_info/challenge_battle/img/banner_event_bounty_CHG27_small_01.png	262158437
2020-07-10	2020-07-15	森を破壊するモノ	緊急討伐チャレンジ	2024212723	/html/html_info/challenge_battle/img/banner_event_bounty_CHG27_small_02.png	2024212723
2020-07-31	2020-08-17	肝試しには☆ご用心	緊急討伐チャレンジ	3256986178	/html/html_info/challenge_battle/img/banner_event_bounty_CHG28_small_00.png	3256986178
2020-08-07	2020-08-17	肝試しには☆ご用心	緊急討伐チャレンジ	1529412600	/html/html_info/challenge_battle/img/banner_event_bounty_CHG28_small_01.png	1529412600
2020-08-11	2020-08-17	肝試しには☆ご用心	緊急討伐チャレンジ	741329774	/html/html_info/challenge_battle/img/banner_event_bounty_CHG28_small_02.png	741329774
2020-08-31	2020-09-15	響き渡る蛙の合唱	緊急討伐チャレンジ	2077913514	/html/html_info/challenge_battle/img/banner_event_bounty_CHG29_small_00.png	2077913514
2020-09-07	2020-09-15	響き渡る蛙の合唱	緊急討伐チャレンジ	3805487120	/html/html_info/challenge_battle/img/banner_event_bounty_CHG29_small_01.png	3805487120
2020-09-11	2020-09-15	響き渡る蛙の合唱	緊急討伐チャレンジ	2513703046	/html/html_info/challenge_battle/img/banner_event_bounty_CHG29_small_02.png	2513703046
2020-09-30	2020-10-15	ハロウィンスター決定戦	緊急討伐チャレンジ	2747332436	/html/html_info/challenge_battle/img/banner_event_bounty_CHG30_small_00.png	2747332436
2020-10-07	2020-10-15	ハロウィンスター決定戦	緊急討伐チャレンジ	986293998	/html/html_info/challenge_battle/img/banner_event_bounty_CHG30_small_01.png	986293998
2020-10-12	2020-10-15	ハロウィンスター決定戦	緊急討伐チャレンジ	1305384568	/html/html_info/challenge_battle/img/banner_event_bounty_CHG30_small_02.png	1305384568
2020-10-31	2020-11-16	水都に伝はる大捕物	緊急討伐チャレンジ	440085692	/html/html_info/challenge_battle/img/banner_event_bounty_CHG31_small_00.png	440085692
2020-11-06	2020-11-16	水都に伝はる大捕物	緊急討伐チャレンジ	2201124102	/html/html_info/challenge_battle/img/banner_event_bounty_CHG31_small_01.png	2201124102
2020-11-10	2020-11-16	水都に伝はる大捕物	緊急討伐チャレンジ	4097133968	/html/html_info/challenge_battle/img/banner_event_bounty_CHG31_small_02.png	4097133968
2020-11-30	2020-12-15	クリスマスに賭ける願い	緊急討伐チャレンジ	189155013	/html/html_info/challenge_battle/img/banner_event_bounty_CHG32_small_00.png	189155013
2020-12-07	2020-12-15	クリスマスに賭ける願い	緊急討伐チャレンジ	2454656895	/html/html_info/challenge_battle/img/banner_event_bounty_CHG32_small_01.png	2454656895
2020-12-10	2020-12-15	クリスマスに賭ける願い	緊急討伐チャレンジ	3846711273	/html/html_info/challenge_battle/img/banner_event_bounty_CHG32_small_02.png	3846711273
2020-12-31	2021-01-15	新春！神さまパニック！	緊急討伐チャレンジ	2998770989	/html/html_info/challenge_battle/img/banner_event_bounty_CHG33_small_00.png	2998770989
2021-01-08	2021-01-15	新春！神さまパニック！	緊急討伐チャレンジ	733269143	/html/html_info/challenge_battle/img/banner_event_bounty_CHG33_small_01.png	733269143
2021-01-11	2021-01-15	新春！神さまパニック！	緊急討伐チャレンジ	1555299329	/html/html_info/challenge_battle/img/banner_event_bounty_CHG33_small_02.png	1555299329
2021-01-31	2021-02-15	爆誕！チョコアイドル！	緊急討伐チャレンジ	700224055	/html/html_info/challenge_battle/img/banner_event_bounty_CHG34_small_00.png	700224055
2021-02-08	2021-02-15	爆誕！チョコアイドル！	緊急討伐チャレンジ	2964702093	/html/html_info/challenge_battle/img/banner_event_bounty_CHG34_small_01.png	2964702093
2021-02-10	2021-02-15	爆誕！チョコアイドル！	緊急討伐チャレンジ	3350393627	/html/html_info/challenge_battle/img/banner_event_bounty_CHG34_small_02.png	3350393627
2021-02-28	2021-03-15	ふたつのホワイトウイング	緊急討伐チャレンジ	2420591071	/html/html_info/challenge_battle/img/banner_event_bounty_CHG35_small_00.png	2420591071
2021-03-08	2021-03-15	ふたつのホワイトウイング	緊急討伐チャレンジ	156112997	/html/html_info/challenge_battle/img/banner_event_bounty_CHG35_small_01.png	156112997
2021-03-10	2021-03-15	ふたつのホワイトウイング	緊急討伐チャレンジ	2118723827	/html/html_info/challenge_battle/img/banner_event_bounty_CHG35_small_02.png	2118723827
2021-03-31	2021-04-15			2168071078	/html/html_info/challenge_battle/img/banner_event_bounty_CHG36_small_00.png	2168071078
2021-03-31	2021-04-15	時の剣士と青薔薇の追憶	緊急討伐チャレンジ	406024732	/html/html_info/challenge_battle/img/banner_event_story_small_00.png	406024732
2021-04-06	2021-04-15	時の剣士と青薔薇の追憶	緊急討伐チャレンジ	1865695882	/html/html_info/challenge_battle/img/banner_event_story_small_01.png	1865695882
2021-04-13	2021-04-15	時の剣士と青薔薇の追憶	緊急討伐チャレンジ	4048607017	/html/html_info/challenge_battle/img/banner_event_story_small_02.png	4048607017
2021-05-14	2021-05-31	魔巣に潜む悪意	緊急討伐チャレンジ	952236110	/html/html_info/challenge_battle/img/banner_event_bounty_CHG37_small_00.png	952236110
2021-05-31	2021-06-15	森の旅人の探し物	緊急討伐チャレンジ	1816738771	/html/html_info/challenge_battle/img/banner_event_bounty_CHG38_small_00.png	1816738771
2021-05-31	2021-06-15	森の旅人の探し物	緊急討伐チャレンジ	4114639465	/html/html_info/challenge_battle/img/banner_event_story_small_00.png	4114639465
2021-06-08	2021-06-15	森の旅人の探し物	緊急討伐チャレンジ	472108892	/html/html_info/challenge_battle/img/banner_event_story_small_02.png	472108892
2021-06-30	2021-07-15	冥王と従僕の愉快な毎日	緊急討伐チャレンジ	3585269819	/html/html_info/challenge_battle/img/banner_event_bounty_CHG39_small_00.png	3585269819
2021-06-30	2021-07-15	冥王と従僕の愉快な毎日	緊急討伐チャレンジ	1287369089	/html/html_info/challenge_battle/img/banner_event_story_small_00.png	1287369089
2021-07-07	2021-07-15	冥王と従僕の愉快な毎日	緊急討伐チャレンジ	1002209559	/html/html_info/challenge_battle/img/banner_event_story_small_01.png	1002209559
2021-07-12	2021-07-15	冥王と従僕の愉快な毎日	緊急討伐チャレンジ	2782401716	/html/html_info/challenge_battle/img/banner_event_story_small_02.png	2782401716
2021-07-15	2021-07-22	蘇る軌跡の断片	緊急討伐チャレンジ	1580797729	/html/html_info/challenge_battle/img/banner_event_bounty_CHG40_small_00.png	1580797729
2021-07-15	2021-07-22	蘇る軌跡の断片	緊急討伐チャレンジ	3341835931	/html/html_info/challenge_battle/img/banner_event_bounty_CHG40_small_01.png	3341835931
2021-07-16	2021-07-22	蘇る軌跡の断片	緊急討伐チャレンジ	2956422669	/html/html_info/challenge_battle/img/banner_event_bounty_CHG40_small_02.png	2956422669
2021-07-17	2021-07-22	蘇る軌跡の断片	緊急討伐チャレンジ	777255854	/html/html_info/challenge_battle/img/banner_event_bounty_CHG40_small_03.png	777255854
2021-07-18	2021-07-22	蘇る軌跡の断片	緊急討伐チャレンジ	1498729272	/html/html_info/challenge_battle/img/banner_event_bounty_CHG40_small_04.png	1498729272
2021-07-19	2021-07-22	蘇る軌跡の断片	緊急討伐チャレンジ	3227359874	/html/html_info/challenge_battle/img/banner_event_bounty_CHG40_small_05.png	3227359874
2021-07-20	2021-07-22	蘇る軌跡の断片	緊急討伐チャレンジ	3076172308	/html/html_info/challenge_battle/img/banner_event_bounty_CHG40_small_06.png	3076172308
2021-07-21	2021-07-22	蘇る軌跡の断片	緊急討伐チャレンジ	669366149	/html/html_info/challenge_battle/img/banner_event_bounty_CHG40_small_07.png	669366149
2021-07-30	2021-08-12	魔巣に潜む悪意	緊急討伐チャレンジ	3888305353	/html/html_info/challenge_battle/img/banner_event_bounty_CHG41_small_00.png	3888305353
2021-08-06	2021-09-05	夏だ！海だ！BBQだ！	緊急討伐チャレンジ	4139761328	/html/html_info/challenge_battle/img/banner_event_bounty_CHG42_small_00.png	4139761328
2021-09-03	2021-09-15	古の姫を訪ねて	緊急討伐チャレンジ	1329882456	/html/html_info/challenge_battle/img/banner_event_bounty_CHG43_small_00.png	1329882456
2021-09-03	2021-09-15	古の姫を訪ねて	緊急討伐チャレンジ	3595384034	/html/html_info/challenge_battle/img/banner_event_story_small_00.png	3595384034
2021-09-08	2021-09-15	古の姫を訪ねて	緊急討伐チャレンジ	2705982580	/html/html_info/challenge_battle/img/banner_event_story_small_01.png	2705982580
2021-09-13	2021-09-15	古の姫を訪ねて	緊急討伐チャレンジ	1060016599	/html/html_info/challenge_battle/img/banner_event_story_small_02.png	1060016599
2021-09-30	2021-10-15	星に掲げる反撃の狼煙	緊急討伐チャレンジ	3561318978	/html/html_info/challenge_battle/img/banner_event_bounty_CHG44_small_00.png	3561318978
2021-09-30	2021-10-15	星に掲げる反撃の狼煙	緊急討伐チャレンジ	1296841720	/html/html_info/challenge_battle/img/banner_event_story_small_00.png	1296841720
2021-10-08	2021-10-15	星に掲げる反撃の狼煙	緊急討伐チャレンジ	977996654	/html/html_info/challenge_battle/img/banner_event_story_small_01.png	977996654
2021-10-13	2021-10-15	星に掲げる反撃の狼煙	緊急討伐チャレンジ	2754584269	/html/html_info/challenge_battle/img/banner_event_story_small_02.png	2754584269
2021-10-26	2021-12-15	魔巣に潜む悪意	緊急討伐チャレンジ	1841213866	/html/html_info/challenge_battle/img/banner_event_bounty_CHG41_small_00.png	1841213866
2020-04-30	2020-05-15	ビッグブラックとの激闘！	緊急討伐チャレンジ	3277759129	/html/html_info/challenge_battle/img/banner_event_bounty_colaboBtl05b_small_00.png	3277759129
2020-05-07	2020-05-15	ビッグブラックとの激闘！	緊急討伐チャレンジ	1515713315	/html/html_info/challenge_battle/img/banner_event_bounty_colaboBtl05b_small_01.png	1515713315
2020-05-11	2020-05-15	ビッグブラックとの激闘！	緊急討伐チャレンジ	760267701	/html/html_info/challenge_battle/img/banner_event_bounty_colaboBtl05b_small_02.png	760267701
2019-10-15	2019-11-15	ＦＦコラボ　タイタン討伐戦	ＦＦコラボ　タイタン討伐戦	4291282969	/html/html_info/challenge_battle/img/banner_event_bounty_colaboBtl02_small_00.png	4291282969
2019-10-15	2019-11-15	ＦＦコラボ　タイタン討伐戦	ＦＦコラボ　タイタン討伐戦	3983697911	/html/html_info/challenge_battle/img/banner_event_bounty_colaboBtl02_small_01.png	3983697911
2019-10-15	2019-11-15	ＦＦコラボ　タイタン討伐戦	ＦＦコラボ　タイタン討伐戦	219985498	/html/html_info/challenge_battle/img/banner_event_bounty_colaboBtl02_small_02.png	219985498
2019-10-15	2019-11-15	ＦＦコラボ　タイタン討伐戦	ＦＦコラボ　タイタン討伐戦	3265782185	/html/html_info/challenge_battle/img/banner_event_bounty_colaboBtl04_small_02.png	3265782185
2019-12-14	2020-01-15	大迷宮バハムート	大迷宮バハムート	1504756653	/html/html_info/challenge_battle/img/banner_event_bounty_colaboBtl03_small_00.png	1504756653
2019-12-25	2020-01-15	大迷宮バハムート	大迷宮バハムート	1258646595	/html/html_info/challenge_battle/img/banner_event_bounty_colaboBtl03_small_01.png	1258646595
2020-01-06	2020-01-15	大迷宮バハムート	大迷宮バハムート	4088990502	/html/html_info/challenge_battle/img/banner_event_bounty_colaboBtl03_small_02.png	4088990502
2014-12-31	2014-12-31	森に輝く黄金の樹	採取クエスト	2703465097	/html/html_info/event/test_graphic/main_banner01.jpg	2703465097
2014-12-31	2014-12-31	森に輝く黄金の樹	採取クエスト	3327915361	/html/html_info/event/test_graphic/main_banner01.jpg	3327915361
2014-12-31	2099-06-27	-	-	3179322401		3179322401
2015-12-31	2015-12-31	ゴットクエストグループ	ゴットバトル	99880495	/html/html_info/ANZBATTLE/001_DAISHINRINBEAR/img/main_banner.jpg	99880495
2017-04-06	2018-09-16	王獣討伐戦　大森林ベア	ゴットバトル	993176439	/html/html_info/kingbeast/img/banner_event_kingbeast_001_small_00.png	993176439
2017-11-22	2014-12-31	王獣討伐戦　エンペラーフロッグ	-	709869838		709869838
2017-11-22	2014-12-31	王獣討伐戦　海王タウロス	-	2478054118		2478054118
2018-10-28	2018-11-30	王獣フレイムデューク　討伐戦	-	146085372	/html/html_info/kingbeast/img/banner_event_kingbeast_001_small_00_c.png	146085372
2018-11-05	2018-11-30	闇炎獣フレイムデューク　討伐戦	-	2974731796	/html/html_info/kingbeast/img/banner_event_kingbeast_001_small_01.png	2974731796
2014-12-31	2099-06-27	!四王獣バトル!	ゴットバトル	1490178369		1490178369
2014-12-31	2016-03-31	期間限定クエスト	大空のみつばちクイーン！	2145716628	/html/html_info/ANZBATTLE/001_DAISHINRINBEAR/img/main_banner.jpg	2145716628
2018-12-17	2018-12-31	降臨！悪の雪だるま	降臨！悪の雪だるま	3147362881	/html/html_info/challenge_battle/img/banner_event_bounty_xm18_small_00.png	3147362881
2018-12-23	2018-12-31	決戦！マッドフロストデイモン	決戦！マッドフロストデイモン	641116393	/html/html_info/challenge_battle/img/banner_event_bounty_xm18_small_01.png	641116393
2019-01-16	2019-01-31	緊急討伐チャレンジ	お正月チャレンジクエスト 獅子舞リオン	2127127775	/html/html_info/challenge_battle/img/banner_event_bounty_ny19b_small_00.png	2127127775
2019-02-05	2019-02-06	緊急討伐チャレンジ	お正月チャレンジクエスト 獅子舞リオン	3888133477	/html/html_info/challenge_battle/img/banner_event_bounty_ny19b_small_01.png	3888133477
2018-12-31	2019-01-31	うきうき釣り天国	お正月チャレンジクエスト 獅子舞リオン	3341991735	/html/html_info/challenge_battle/img/banner_event_bounty_ny19_small_00.png	3341991735
2019-01-07	2019-01-31	タイどろぼうを捕まえろ！	うきうき釣り天国	1580985997	/html/html_info/challenge_battle/img/banner_event_bounty_ny19_small_01.png	1580985997
2019-01-31	2019-02-15	チョコレートパニック	チョコレートパニック	871736278	/html/html_info/challenge_battle/img/banner_event_bounty_vt19_small_00.png	871736278
2019-02-03	2019-02-15	チョコレートカーニバル	チョコレートカーニバル	1321826276	/html/html_info/challenge_battle/img/banner_event_bounty_vt19_small_01.png	1321826276
